{"cameraMode":{"drawMode":0,"name":"Shaded","section":"Shading Mode"},"sceneLighting":true,"audioPlay":false,"sceneViewState":{"m_AlwaysRefresh":false,"showFog":true,"showSkybox":true,"showFlares":true,"showImageEffects":true,"showParticleSystems":true,"showVisualEffectGraphs":true,"m_FxEnabled":true},"in2DMode":false,"pivot":{"x":-0.08923906832933426,"y":-6.756923675537109,"z":1.334228515625},"rotation":{"x":-0.505372166633606,"y":0.0005150247598066926,"z":-0.00030142709147185087,"w":-0.8629072904586792},"size":12.12435531616211,"orthographic":false}